,Ensembl Gene ID,Gene Symbol,Biotype,Chromosome,GSM2124738
0,ENSG00000121410,A1BG,protein_coding,19,12
1,ENSG00000268895,A1BG-AS1,lncRNA,19,9
2,ENSG00000148584,A1CF,protein_coding,10,20
3,ENSG00000175899,A2M,protein_coding,12,56
4,ENSG00000245105,A2M-AS1,lncRNA,12,33
5,ENSG00000166535,A2ML1,protein_coding,12,6
6,ENSG00000256661,A2ML1-AS1,lncRNA,12,27
7,ENSG00000256069,A2MP1,transcribed_unprocessed_pseudogene,12,9
8,ENSG00000184389,A3GALT2,protein_coding,1,0
9,ENSG00000128274,A4GALT,protein_coding,22,0
10,ENSG00000118017,A4GNT,protein_coding,3,1
11,ENSG00000291836,AAAS,protein_coding,HG2554_PATCH,0
12,ENSG00000094914,AAAS,protein_coding,12,0
13,ENSG00000081760,AACS,protein_coding,12,0
14,ENSG00000250420,AACSP1,transcribed_unprocessed_pseudogene,5,0
15,ENSG00000291019,AACSP1,lncRNA,5,0
16,ENSG00000114771,AADAC,protein_coding,3,0
17,ENSG00000261846,AADACL2,protein_coding,HSCHR3_1_CTG2_1,1
18,ENSG00000197953,AADACL2,protein_coding,3,1
19,ENSG00000262466,AADACL2-AS1,lncRNA,HSCHR3_1_CTG2_1,0
20,ENSG00000242908,AADACL2-AS1,lncRNA,3,0
21,ENSG00000188984,AADACL3,protein_coding,1,0
22,ENSG00000204518,AADACL4,protein_coding,1,0
23,ENSG00000240602,AADACP1,transcribed_unprocessed_pseudogene,3,0
24,ENSG00000109576,AADAT,protein_coding,4,0
25,ENSG00000103591,AAGAB,protein_coding,15,0
26,ENSG00000115977,AAK1,protein_coding,2,2
27,ENSG00000087884,AAMDC,protein_coding,11,49
28,ENSG00000127837,AAMP,protein_coding,2,0
29,ENSG00000129673,AANAT,protein_coding,17,0
30,ENSG00000131043,AAR2,protein_coding,20,0
31,ENSG00000205002,AARD,protein_coding,8,0
32,ENSG00000090861,AARS1,protein_coding,16,1
33,ENSG00000124608,AARS2,protein_coding,6,1
34,ENSG00000266967,AARSD1,protein_coding,17,0
35,ENSG00000157426,AASDH,protein_coding,4,1
36,ENSG00000149313,AASDHPPT,protein_coding,11,0
37,ENSG00000008311,AASS,protein_coding,7,0
38,ENSG00000215458,AATBC,lncRNA,21,22
39,ENSG00000276072,AATF,protein_coding,HSCHR17_7_CTG4,0
40,ENSG00000275700,AATF,protein_coding,17,0
41,ENSG00000181409,AATK,protein_coding,17,7
42,ENSG00000281376,ABALON,lncRNA,20,166
43,ENSG00000183044,ABAT,protein_coding,16,5
44,ENSG00000165029,ABCA1,protein_coding,9,28
45,ENSG00000154263,ABCA10,protein_coding,17,0
46,ENSG00000251595,ABCA11P,transcribed_processed_pseudogene,4,2
47,ENSG00000144452,ABCA12,protein_coding,2,3
48,ENSG00000179869,ABCA13,protein_coding,7,0
49,ENSG00000189149,ABCA15P,transcribed_unitary_pseudogene,16,0
50,ENSG00000238098,ABCA17P,transcribed_unitary_pseudogene,16,3
51,ENSG00000293423,ABCA17P,lncRNA,16,3
52,ENSG00000107331,ABCA2,protein_coding,9,4
53,ENSG00000167972,ABCA3,protein_coding,16,0
54,ENSG00000198691,ABCA4,protein_coding,1,2
55,ENSG00000154265,ABCA5,protein_coding,17,0
56,ENSG00000154262,ABCA6,protein_coding,17,0
57,ENSG00000064687,ABCA7,protein_coding,19,0
58,ENSG00000141338,ABCA8,protein_coding,17,0
59,ENSG00000154258,ABCA9,protein_coding,17,0
60,ENSG00000231749,ABCA9-AS1,lncRNA,17,7
61,ENSG00000085563,ABCB1,protein_coding,7,4
62,ENSG00000135776,ABCB10,protein_coding,1,0
63,ENSG00000276582,ABCB11,protein_coding,HSCHR2_1_CTG7_2,0
64,ENSG00000073734,ABCB11,protein_coding,2,0
65,ENSG00000005471,ABCB4,protein_coding,7,47
66,ENSG00000004846,ABCB5,protein_coding,7,0
67,ENSG00000115657,ABCB6,protein_coding,2,0
68,ENSG00000131269,ABCB7,protein_coding,X,1
69,ENSG00000197150,ABCB8,protein_coding,7,2
70,ENSG00000150967,ABCB9,protein_coding,12,2
71,ENSG00000278183,ABCC1,protein_coding,HSCHR16_1_CTG1,0
72,ENSG00000103222,ABCC1,protein_coding,16,0
73,ENSG00000124574,ABCC10,protein_coding,6,8
74,ENSG00000121270,ABCC11,protein_coding,16,29
75,ENSG00000140798,ABCC12,protein_coding,16,0
76,ENSG00000243064,ABCC13,transcribed_unprocessed_pseudogene,21,0
77,ENSG00000023839,ABCC2,protein_coding,10,0
78,ENSG00000108846,ABCC3,protein_coding,17,1
79,ENSG00000125257,ABCC4,protein_coding,13,2
80,ENSG00000114770,ABCC5,protein_coding,3,2
81,ENSG00000223882,ABCC5-AS1,lncRNA,3,6
82,ENSG00000275331,ABCC6,protein_coding,HSCHR16_1_CTG1,2
83,ENSG00000091262,ABCC6,protein_coding,16,2
84,ENSG00000256340,ABCC6P1,transcribed_unprocessed_pseudogene,16,0
85,ENSG00000291057,ABCC6P1,lncRNA,16,0
86,ENSG00000273808,ABCC6P2,transcribed_unprocessed_pseudogene,HSCHR16_1_CTG1,0
87,ENSG00000290494,ABCC6P2,lncRNA,HSCHR16_1_CTG1,0
88,ENSG00000255277,ABCC6P2,transcribed_unprocessed_pseudogene,16,0
89,ENSG00000290943,ABCC6P2,lncRNA,16,0
90,ENSG00000006071,ABCC8,protein_coding,11,1
91,ENSG00000069431,ABCC9,protein_coding,12,2
92,ENSG00000101986,ABCD1,protein_coding,X,0
93,ENSG00000173208,ABCD2,protein_coding,12,0
94,ENSG00000117528,ABCD3,protein_coding,1,0
95,ENSG00000119688,ABCD4,protein_coding,14,0
96,ENSG00000164163,ABCE1,protein_coding,4,0
97,ENSG00000204574,ABCF1,protein_coding,6,0
98,ENSG00000236149,ABCF1,protein_coding,HSCHR6_MHC_COX_CTG1,0
99,ENSG00000225989,ABCF1,protein_coding,HSCHR6_MHC_SSTO_CTG1,0
100,ENSG00000232169,ABCF1,protein_coding,HSCHR6_MHC_DBB_CTG1,0
101,ENSG00000236342,ABCF1,protein_coding,HSCHR6_MHC_MCF_CTG1,0
102,ENSG00000206490,ABCF1,protein_coding,HSCHR6_MHC_QBL_CTG1,0
103,ENSG00000231129,ABCF1,protein_coding,HSCHR6_MHC_MANN_CTG1,0
104,ENSG00000033050,ABCF2,protein_coding,7,0
105,ENSG00000285292,ABCF2-H2BK1,protein_coding,7,0
106,ENSG00000161204,ABCF3,protein_coding,3,6
107,ENSG00000160179,ABCG1,protein_coding,21,1
108,ENSG00000118777,ABCG2,protein_coding,4,0
109,ENSG00000172350,ABCG4,protein_coding,11,0
110,ENSG00000138075,ABCG5,protein_coding,2,7
111,ENSG00000143921,ABCG8,protein_coding,2,2
112,ENSG00000143994,ABHD1,protein_coding,2,20
113,ENSG00000144827,ABHD10,protein_coding,3,1
114,ENSG00000106077,ABHD11,protein_coding,7,2
115,ENSG00000100997,ABHD12,protein_coding,20,0
116,ENSG00000131969,ABHD12B,protein_coding,14,8
117,ENSG00000139826,ABHD13,protein_coding,13,0
118,ENSG00000248487,ABHD14A,protein_coding,3,0
119,ENSG00000114786,ABHD14A-ACY1,protein_coding,3,0
120,ENSG00000114779,ABHD14B,protein_coding,3,2
121,ENSG00000168792,ABHD15,protein_coding,17,0
122,ENSG00000204427,ABHD16A,protein_coding,6,0
123,ENSG00000231488,ABHD16A,protein_coding,HSCHR6_MHC_DBB_CTG1,0
124,ENSG00000230475,ABHD16A,protein_coding,HSCHR6_MHC_SSTO_CTG1,0
125,ENSG00000235676,ABHD16A,protein_coding,HSCHR6_MHC_COX_CTG1,0
126,ENSG00000206403,ABHD16A,protein_coding,HSCHR6_MHC_QBL_CTG1,0
127,ENSG00000236063,ABHD16A,protein_coding,HSCHR6_MHC_MCF_CTG1,0
128,ENSG00000224552,ABHD16A,protein_coding,HSCHR6_MHC_MANN_CTG1,0
129,ENSG00000183260,ABHD16B,protein_coding,20,6
130,ENSG00000129968,ABHD17A,protein_coding,19,1
131,ENSG00000107362,ABHD17B,protein_coding,9,0
132,ENSG00000136379,ABHD17C,protein_coding,15,0
133,ENSG00000164074,ABHD18,protein_coding,4,0
134,ENSG00000140526,ABHD2,protein_coding,15,0
135,ENSG00000158201,ABHD3,protein_coding,18,2
136,ENSG00000100439,ABHD4,protein_coding,14,0
137,ENSG00000011198,ABHD5,protein_coding,3,0
138,ENSG00000163686,ABHD6,protein_coding,3,0
139,ENSG00000127220,ABHD8,protein_coding,19,0
140,ENSG00000136754,ABI1,protein_coding,10,5
141,ENSG00000138443,ABI2,protein_coding,2,22
142,ENSG00000108798,ABI3,protein_coding,17,1
143,ENSG00000154175,ABI3BP,protein_coding,3,80
144,ENSG00000119328,ABITRAM,protein_coding,9,0
145,ENSG00000097007,ABL1,protein_coding,9,0
146,ENSG00000143322,ABL2,protein_coding,1,0
147,ENSG00000099204,ABLIM1,protein_coding,10,1
148,ENSG00000163995,ABLIM2,protein_coding,4,0
149,ENSG00000173210,ABLIM3,protein_coding,5,0
150,ENSG00000281879,ABO,protein_coding,HG2030_PATCH,0
151,ENSG00000175164,ABO,protein_coding,9,0
152,ENSG00000278741,ABR,protein_coding,HSCHR17_2_CTG2,0
153,ENSG00000276016,ABR,protein_coding,HSCHR17_3_CTG2,0
154,ENSG00000159842,ABR,protein_coding,17,0
155,ENSG00000281590,ABR-AS1,lncRNA,HSCHR17_2_CTG2,0
156,ENSG00000235361,ABR-AS1,lncRNA,17,0
157,ENSG00000174429,ABRA,protein_coding,8,2
158,ENSG00000146386,ABRACL,protein_coding,6,0
159,ENSG00000163322,ABRAXAS1,protein_coding,4,136
160,ENSG00000165660,ABRAXAS2,protein_coding,10,0
161,ENSG00000292169,ABT1,protein_coding,HSCHR6_1_CTG1,0
162,ENSG00000146109,ABT1,protein_coding,6,0
163,ENSG00000114626,ABTB1,protein_coding,3,0
164,ENSG00000166016,ABTB2,protein_coding,11,23
165,ENSG00000151136,ABTB3,protein_coding,12,1
166,ENSG00000060971,ACAA1,protein_coding,3,1
167,ENSG00000167315,ACAA2,protein_coding,18,0
168,ENSG00000278540,ACACA,protein_coding,17,0
169,ENSG00000275176,ACACA,protein_coding,HSCHR17_7_CTG4,0
170,ENSG00000076555,ACACB,protein_coding,12,0
171,ENSG00000111271,ACAD10,protein_coding,12,0
172,ENSG00000240303,ACAD11,protein_coding,3,1
173,ENSG00000151498,ACAD8,protein_coding,11,141
174,ENSG00000177646,ACAD9,protein_coding,3,5
175,ENSG00000287110,ACAD9-DT,lncRNA,3,0
176,ENSG00000115361,ACADL,protein_coding,2,4
177,ENSG00000117054,ACADM,protein_coding,1,0
178,ENSG00000122971,ACADS,protein_coding,12,0
179,ENSG00000196177,ACADSB,protein_coding,10,0
180,ENSG00000072778,ACADVL,protein_coding,17,17
181,ENSG00000157766,ACAN,protein_coding,15,0
182,ENSG00000288169,ACAP1,protein_coding,HG2087_PATCH,0
183,ENSG00000072818,ACAP1,protein_coding,17,0
184,ENSG00000114331,ACAP2,protein_coding,3,0
185,ENSG00000131584,ACAP3,protein_coding,1,2
186,ENSG00000075239,ACAT1,protein_coding,11,10
187,ENSG00000120437,ACAT2,protein_coding,6,152
188,ENSG00000182827,ACBD3,protein_coding,1,2
189,ENSG00000234478,ACBD3-AS1,lncRNA,1,40
190,ENSG00000181513,ACBD4,protein_coding,17,1
191,ENSG00000107897,ACBD5,protein_coding,10,3
192,ENSG00000230124,ACBD6,protein_coding,1,0
193,ENSG00000176244,ACBD7,protein_coding,10,0
194,ENSG00000110455,ACCS,protein_coding,11,0
195,ENSG00000205126,ACCSL,protein_coding,11,0
196,ENSG00000102977,ACD,protein_coding,16,2
197,ENSG00000159640,ACE,protein_coding,17,3
198,ENSG00000130234,ACE2,protein_coding,X,2
199,ENSG00000225833,ACE2-DT,lncRNA,X,0
200,ENSG00000167769,ACER1,protein_coding,19,0
201,ENSG00000177076,ACER2,protein_coding,9,3
202,ENSG00000078124,ACER3,protein_coding,11,1
203,ENSG00000087085,ACHE,protein_coding,7,0
204,ENSG00000100813,ACIN1,protein_coding,14,9
205,ENSG00000213088,ACKR1,protein_coding,1,0
206,ENSG00000144648,ACKR2,protein_coding,3,0
207,ENSG00000144476,ACKR3,protein_coding,2,0
208,ENSG00000129048,ACKR4,protein_coding,3,26
209,ENSG00000131473,ACLY,protein_coding,17,2
210,ENSG00000153086,ACMSD,protein_coding,2,11
211,ENSG00000122729,ACO1,protein_coding,9,27
212,ENSG00000100412,ACO2,protein_coding,22,34
213,ENSG00000102794,ACOD1,protein_coding,13,0
214,ENSG00000184227,ACOT1,protein_coding,14,2
215,ENSG00000162390,ACOT11,protein_coding,1,0
216,ENSG00000172497,ACOT12,protein_coding,5,24
217,ENSG00000112304,ACOT13,protein_coding,6,155
218,ENSG00000119673,ACOT2,protein_coding,14,8
219,ENSG00000177465,ACOT4,protein_coding,14,1
220,ENSG00000205669,ACOT6,protein_coding,14,13
221,ENSG00000097021,ACOT7,protein_coding,1,1
222,ENSG00000101473,ACOT8,protein_coding,20,24
223,ENSG00000123130,ACOT9,protein_coding,X,0
224,ENSG00000161533,ACOX1,protein_coding,17,2
225,ENSG00000168306,ACOX2,protein_coding,3,2
226,ENSG00000087008,ACOX3,protein_coding,4,1
227,ENSG00000153093,ACOXL,protein_coding,2,15
228,ENSG00000204581,ACOXL-AS1,lncRNA,2,0
229,ENSG00000143727,ACP1,protein_coding,2,0
230,ENSG00000134575,ACP2,protein_coding,11,0
231,ENSG00000014257,ACP3,protein_coding,3,0
232,ENSG00000142513,ACP4,protein_coding,19,4
233,ENSG00000102575,ACP5,protein_coding,19,5
234,ENSG00000162836,ACP6,protein_coding,1,1
235,ENSG00000183760,ACP7,protein_coding,19,3
236,ENSG00000291368,ACR,protein_coding,HG1311_HG2539_PATCH,0
237,ENSG00000100312,ACR,protein_coding,22,0
238,ENSG00000111644,ACRBP,protein_coding,12,0
239,ENSG00000134940,ACRV1,protein_coding,11,1
240,ENSG00000103740,ACSBG1,protein_coding,15,540
241,ENSG00000130377,ACSBG2,protein_coding,19,4
242,ENSG00000167107,ACSF2,protein_coding,17,19
243,ENSG00000176715,ACSF3,protein_coding,16,2
244,ENSG00000151726,ACSL1,protein_coding,4,1
245,ENSG00000123983,ACSL3,protein_coding,2,1
246,ENSG00000234193,ACSL3-AS1,lncRNA,2,21
247,ENSG00000068366,ACSL4,protein_coding,X,0
248,ENSG00000197142,ACSL5,protein_coding,10,26
249,ENSG00000164398,ACSL6,protein_coding,5,1
250,ENSG00000223548,ACSL6-AS1,lncRNA,5,5
251,ENSG00000166743,ACSM1,protein_coding,16,0
252,ENSG00000183747,ACSM2A,protein_coding,16,0
253,ENSG00000066813,ACSM2B,protein_coding,16,0
254,ENSG00000005187,ACSM3,protein_coding,16,39
255,ENSG00000215009,ACSM4,protein_coding,12,3
256,ENSG00000183549,ACSM5,protein_coding,16,0
257,ENSG00000173124,ACSM6,protein_coding,10,14
258,ENSG00000154930,ACSS1,protein_coding,20,2
259,ENSG00000131069,ACSS2,protein_coding,20,4
260,ENSG00000111058,ACSS3,protein_coding,12,158
261,ENSG00000143632,ACTA1,protein_coding,1,0
262,ENSG00000107796,ACTA2,protein_coding,10,18
263,ENSG00000180139,ACTA2-AS1,lncRNA,10,57
264,ENSG00000075624,ACTB,protein_coding,7,3
265,ENSG00000169067,ACTBL2,protein_coding,5,0
266,ENSG00000159251,ACTC1,protein_coding,15,5
267,ENSG00000172900,ACTE1P,transcribed_unitary_pseudogene,11,0
268,ENSG00000291420,ACTG1,protein_coding,HG1369_PATCH,0
269,ENSG00000184009,ACTG1,protein_coding,17,0
270,ENSG00000259315,ACTG1P17,transcribed_processed_pseudogene,15,0
271,ENSG00000241547,ACTG1P20,processed_pseudogene,1,0
272,ENSG00000234996,ACTG1P25,transcribed_processed_pseudogene,1,0
273,ENSG00000293264,ACTG1P25,lncRNA,1,0
274,ENSG00000236085,ACTG1P4,processed_pseudogene,1,0
275,ENSG00000163017,ACTG2,protein_coding,2,0
276,ENSG00000288649,ACTL10,protein_coding,20,0
277,ENSG00000136518,ACTL6A,protein_coding,3,17
278,ENSG00000077080,ACTL6B,protein_coding,7,0
279,ENSG00000187003,ACTL7A,protein_coding,9,0
280,ENSG00000148156,ACTL7B,protein_coding,9,0
281,ENSG00000117148,ACTL8,protein_coding,1,0
282,ENSG00000181786,ACTL9,protein_coding,19,0
283,ENSG00000188493,ACTMAP,protein_coding,19,0
284,ENSG00000072110,ACTN1,protein_coding,14,2
285,ENSG00000259062,ACTN1-DT,lncRNA,14,0
286,ENSG00000077522,ACTN2,protein_coding,1,1
287,ENSG00000248746,ACTN3,protein_coding,11,0
288,ENSG00000282844,ACTN4,protein_coding,HG26_PATCH,0
289,ENSG00000130402,ACTN4,protein_coding,19,0
290,ENSG00000131966,ACTR10,protein_coding,14,1
291,ENSG00000138107,ACTR1A,protein_coding,10,9
292,ENSG00000291597,ACTR1B,protein_coding,HG2275_PATCH,0
293,ENSG00000115073,ACTR1B,protein_coding,2,0
294,ENSG00000138071,ACTR2,protein_coding,2,2
295,ENSG00000115091,ACTR3,protein_coding,2,7
296,ENSG00000228857,ACTR3-AS1,lncRNA,2,2
297,ENSG00000133627,ACTR3B,protein_coding,7,0
298,ENSG00000226481,ACTR3BP2,processed_pseudogene,2,0
299,ENSG00000227264,ACTR3BP5,processed_pseudogene,10,0
300,ENSG00000288338,ACTR3BP5,processed_pseudogene,HG545_PATCH,0
301,ENSG00000106526,ACTR3C,protein_coding,7,134
302,ENSG00000101442,ACTR5,protein_coding,20,0
303,ENSG00000075089,ACTR6,protein_coding,12,3
304,ENSG00000113812,ACTR8,protein_coding,3,74
305,ENSG00000123165,ACTRT1,protein_coding,X,0
306,ENSG00000169717,ACTRT2,protein_coding,1,0
307,ENSG00000184378,ACTRT3,protein_coding,3,0
308,ENSG00000115170,ACVR1,protein_coding,2,0
309,ENSG00000135503,ACVR1B,protein_coding,12,1
310,ENSG00000123612,ACVR1C,protein_coding,2,1
311,ENSG00000121989,ACVR2A,protein_coding,2,24
312,ENSG00000114739,ACVR2B,protein_coding,3,3
313,ENSG00000229589,ACVR2B-AS1,lncRNA,3,3
314,ENSG00000139567,ACVRL1,protein_coding,12,0
315,ENSG00000243989,ACY1,protein_coding,3,0
316,ENSG00000132744,ACY3,protein_coding,11,0
317,ENSG00000119640,ACYP1,protein_coding,14,0
318,ENSG00000170634,ACYP2,protein_coding,2,3
319,ENSG00000196839,ADA,protein_coding,20,3
320,ENSG00000093072,ADA2,protein_coding,22,3
321,ENSG00000164113,ADAD1,protein_coding,4,0
322,ENSG00000140955,ADAD2,protein_coding,16,0
323,ENSG00000137845,ADAM10,protein_coding,15,0
324,ENSG00000073670,ADAM11,protein_coding,17,0
325,ENSG00000148848,ADAM12,protein_coding,10,30
326,ENSG00000143537,ADAM15,protein_coding,1,0
327,ENSG00000151694,ADAM17,protein_coding,2,78
328,ENSG00000278548,ADAM18,protein_coding,HSCHR8_9_CTG1,0
329,ENSG00000168619,ADAM18,protein_coding,8,0
330,ENSG00000135074,ADAM19,protein_coding,5,0
331,ENSG00000276286,ADAM2,protein_coding,HSCHR8_9_CTG1,0
332,ENSG00000104755,ADAM2,protein_coding,8,0
333,ENSG00000134007,ADAM20,protein_coding,14,0
334,ENSG00000259158,ADAM20P1,transcribed_unprocessed_pseudogene,14,0
335,ENSG00000290783,ADAM20P1,lncRNA,14,0
336,ENSG00000139985,ADAM21,protein_coding,14,52
337,ENSG00000235812,ADAM21P1,transcribed_processed_pseudogene,14,5
338,ENSG00000008277,ADAM22,protein_coding,7,58
339,ENSG00000114948,ADAM23,protein_coding,2,1
340,ENSG00000042980,ADAM28,protein_coding,8,9
341,ENSG00000168594,ADAM29,protein_coding,4,0
342,ENSG00000134249,ADAM30,protein_coding,1,0
343,ENSG00000275594,ADAM32,protein_coding,HSCHR8_9_CTG1,0
344,ENSG00000197140,ADAM32,protein_coding,8,0
345,ENSG00000149451,ADAM33,protein_coding,20,0
346,ENSG00000293380,ADAM3A,lncRNA,8,0
347,ENSG00000197475,ADAM3A,transcribed_unitary_pseudogene,8,0
348,ENSG00000260089,ADAM3B,processed_pseudogene,16,0
349,ENSG00000196115,ADAM5,transcribed_unitary_pseudogene,8,0
350,ENSG00000290516,ADAM6,lncRNA,HSCHR14_3_CTG1,0
351,ENSG00000282626,ADAM6,transcribed_unprocessed_pseudogene,HSCHR14_3_CTG1,0
352,ENSG00000271968,ADAM6,transcribed_unprocessed_pseudogene,14,0
353,ENSG00000290844,ADAM6,lncRNA,14,0
354,ENSG00000069206,ADAM7,protein_coding,8,18
355,ENSG00000253535,ADAM7-AS1,lncRNA,8,6
356,ENSG00000253643,ADAM7-AS2,lncRNA,8,0
357,ENSG00000151651,ADAM8,protein_coding,10,0
358,ENSG00000282230,ADAM9,protein_coding,HSCHR8_9_CTG1,0
359,ENSG00000168615,ADAM9,protein_coding,8,0
360,ENSG00000134028,ADAMDEC1,protein_coding,8,1
361,ENSG00000154734,ADAMTS1,protein_coding,21,5
362,ENSG00000142303,ADAMTS10,protein_coding,19,0
363,ENSG00000151388,ADAMTS12,protein_coding,5,0
364,ENSG00000281690,ADAMTS12,protein_coding,HSCHR5_6_CTG1,0
365,ENSG00000281244,ADAMTS13,protein_coding,HG2030_PATCH,0
366,ENSG00000160323,ADAMTS13,protein_coding,9,0
367,ENSG00000138316,ADAMTS14,protein_coding,10,0
368,ENSG00000166106,ADAMTS15,protein_coding,11,0
369,ENSG00000145536,ADAMTS16,protein_coding,5,20
370,ENSG00000250579,ADAMTS16-DT,lncRNA,5,0
371,ENSG00000140470,ADAMTS17,protein_coding,15,2
372,ENSG00000140873,ADAMTS18,protein_coding,16,0
373,ENSG00000145808,ADAMTS19,protein_coding,5,17
374,ENSG00000249421,ADAMTS19-AS1,lncRNA,5,0
375,ENSG00000087116,ADAMTS2,protein_coding,5,0
376,ENSG00000173157,ADAMTS20,protein_coding,12,0
377,ENSG00000156140,ADAMTS3,protein_coding,4,2
378,ENSG00000158859,ADAMTS4,protein_coding,1,8
379,ENSG00000154736,ADAMTS5,protein_coding,21,11
380,ENSG00000049192,ADAMTS6,protein_coding,5,0
381,ENSG00000136378,ADAMTS7,protein_coding,15,0
382,ENSG00000281976,ADAMTS7P1,transcribed_unprocessed_pseudogene,HSCHR15_5_CTG8,0
383,ENSG00000274376,ADAMTS7P1,transcribed_unprocessed_pseudogene,15,0
384,ENSG00000134917,ADAMTS8,protein_coding,11,2
385,ENSG00000163638,ADAMTS9,protein_coding,3,0
386,ENSG00000241158,ADAMTS9-AS1,lncRNA,3,55
387,ENSG00000241684,ADAMTS9-AS2,lncRNA,3,1
388,ENSG00000178031,ADAMTSL1,protein_coding,9,1
389,ENSG00000197859,ADAMTSL2,protein_coding,9,0
390,ENSG00000291606,ADAMTSL3,protein_coding,HG2280_PATCH,0
391,ENSG00000156218,ADAMTSL3,protein_coding,15,0
392,ENSG00000143382,ADAMTSL4,protein_coding,1,11
393,ENSG00000203804,ADAMTSL4-AS1,lncRNA,1,0
394,ENSG00000237781,ADAMTSL4-AS2,lncRNA,1,2
395,ENSG00000185761,ADAMTSL5,protein_coding,19,6
396,ENSG00000105963,ADAP1,protein_coding,7,3
397,ENSG00000184060,ADAP2,protein_coding,17,0
398,ENSG00000160710,ADAR,protein_coding,1,36
399,ENSG00000197381,ADARB1,protein_coding,21,0
400,ENSG00000185736,ADARB2,protein_coding,10,1
401,ENSG00000205696,ADARB2-AS1,lncRNA,10,0
402,ENSG00000065457,ADAT1,protein_coding,16,0
403,ENSG00000189007,ADAT2,protein_coding,6,0
404,ENSG00000213638,ADAT3,protein_coding,19,0
405,ENSG00000063761,ADCK1,protein_coding,14,1
406,ENSG00000133597,ADCK2,protein_coding,7,1
407,ENSG00000285451,ADCK5,protein_coding,HG2419_PATCH,0
408,ENSG00000173137,ADCK5,protein_coding,8,0
409,ENSG00000164742,ADCY1,protein_coding,7,10
410,ENSG00000143199,ADCY10,protein_coding,1,3
411,ENSG00000161912,ADCY10P1,transcribed_unprocessed_pseudogene,6,0
412,ENSG00000290554,ADCY10P1,lncRNA,6,0
413,ENSG00000078295,ADCY2,protein_coding,5,5
414,ENSG00000138031,ADCY3,protein_coding,2,13
415,ENSG00000284814,ADCY4,protein_coding,HG1_PATCH,0
416,ENSG00000129467,ADCY4,protein_coding,14,0
417,ENSG00000173175,ADCY5,protein_coding,3,5
418,ENSG00000174233,ADCY6,protein_coding,12,0
419,ENSG00000257660,ADCY6-DT,lncRNA,12,0
420,ENSG00000121281,ADCY7,protein_coding,16,47
421,ENSG00000155897,ADCY8,protein_coding,8,2
422,ENSG00000162104,ADCY9,protein_coding,16,1
423,ENSG00000141433,ADCYAP1,protein_coding,18,0
424,ENSG00000078549,ADCYAP1R1,protein_coding,7,1
425,ENSG00000087274,ADD1,protein_coding,4,2
426,ENSG00000075340,ADD2,protein_coding,2,2
427,ENSG00000148700,ADD3,protein_coding,10,2
428,ENSG00000203876,ADD3-AS1,lncRNA,10,40
429,ENSG00000118492,ADGB,protein_coding,6,0
430,ENSG00000237468,ADGB-DT,lncRNA,6,0
431,ENSG00000197177,ADGRA1,protein_coding,10,0
432,ENSG00000256925,ADGRA1-AS1,lncRNA,10,0
433,ENSG00000020181,ADGRA2,protein_coding,8,39
434,ENSG00000152990,ADGRA3,protein_coding,4,1
435,ENSG00000181790,ADGRB1,protein_coding,8,0
436,ENSG00000121753,ADGRB2,protein_coding,1,1
437,ENSG00000135298,ADGRB3,protein_coding,6,0
438,ENSG00000230910,ADGRB3-DT,lncRNA,6,0
439,ENSG00000111452,ADGRD1,protein_coding,12,1
440,ENSG00000256151,ADGRD1-AS1,lncRNA,12,3
441,ENSG00000180264,ADGRD2,protein_coding,9,0
442,ENSG00000174837,ADGRE1,protein_coding,19,0
443,ENSG00000127507,ADGRE2,protein_coding,19,9
444,ENSG00000131355,ADGRE3,protein_coding,19,0
445,ENSG00000268758,ADGRE4P,transcribed_unprocessed_pseudogene,19,0
446,ENSG00000123146,ADGRE5,protein_coding,19,0
447,ENSG00000153292,ADGRF1,protein_coding,6,0
448,ENSG00000164393,ADGRF2P,transcribed_unitary_pseudogene,6,0
449,ENSG00000173567,ADGRF3,protein_coding,2,14
450,ENSG00000153294,ADGRF4,protein_coding,6,0
451,ENSG00000069122,ADGRF5,protein_coding,6,0
452,ENSG00000225730,ADGRF5-AS1,lncRNA,6,0
453,ENSG00000205336,ADGRG1,protein_coding,16,1
454,ENSG00000173698,ADGRG2,protein_coding,X,3
455,ENSG00000182885,ADGRG3,protein_coding,16,0
456,ENSG00000156920,ADGRG4,protein_coding,X,0
457,ENSG00000159618,ADGRG5,protein_coding,16,0
458,ENSG00000112414,ADGRG6,protein_coding,6,0
459,ENSG00000144820,ADGRG7,protein_coding,3,0
460,ENSG00000288324,ADGRL1,protein_coding,HG109_PATCH,1
461,ENSG00000072071,ADGRL1,protein_coding,19,1
462,ENSG00000288348,ADGRL1-AS1,lncRNA,HG109_PATCH,0
463,ENSG00000267169,ADGRL1-AS1,lncRNA,19,0
464,ENSG00000117114,ADGRL2,protein_coding,1,1
465,ENSG00000150471,ADGRL3,protein_coding,4,1
466,ENSG00000248692,ADGRL3-AS1,lncRNA,4,42
467,ENSG00000162618,ADGRL4,protein_coding,1,0
468,ENSG00000164199,ADGRV1,protein_coding,5,1
469,ENSG00000187758,ADH1A,protein_coding,4,1
470,ENSG00000196616,ADH1B,protein_coding,4,0
471,ENSG00000248144,ADH1C,protein_coding,4,0
472,ENSG00000198099,ADH4,protein_coding,4,2
473,ENSG00000197894,ADH5,protein_coding,4,0
474,ENSG00000172955,ADH6,protein_coding,4,3
475,ENSG00000196344,ADH7,protein_coding,4,0
476,ENSG00000147576,ADHFE1,protein_coding,8,1
477,ENSG00000182551,ADI1,protein_coding,2,0
478,ENSG00000280830,ADI1,protein_coding,HSCHR2_1_CTG1,0
479,ENSG00000182035,ADIG,protein_coding,20,0
480,ENSG00000292223,ADIPINT,lncRNA,9,0
481,ENSG00000181092,ADIPOQ,protein_coding,3,0
482,ENSG00000226482,ADIPOQ-AS1,lncRNA,3,0
483,ENSG00000159346,ADIPOR1,protein_coding,1,1
484,ENSG00000285070,ADIPOR2,protein_coding,HG1815_PATCH,0
485,ENSG00000006831,ADIPOR2,protein_coding,12,0
486,ENSG00000148671,ADIRF,protein_coding,10,0
487,ENSG00000272734,ADIRF-AS1,lncRNA,10,153
488,ENSG00000101220,ADISSP,protein_coding,20,0
489,ENSG00000156110,ADK,protein_coding,10,0
490,ENSG00000148926,ADM,protein_coding,11,2
491,ENSG00000128165,ADM2,protein_coding,22,1
492,ENSG00000224420,ADM5,protein_coding,19,1
493,ENSG00000101126,ADNP,protein_coding,20,22
494,ENSG00000259456,ADNP-AS1,lncRNA,20,10
495,ENSG00000101544,ADNP2,protein_coding,18,1
496,ENSG00000181915,ADO,protein_coding,10,2
497,ENSG00000163485,ADORA1,protein_coding,1,1
498,ENSG00000128271,ADORA2A,protein_coding,22,0
499,ENSG00000178803,ADORA2A-AS1,lncRNA,22,94
500,ENSG00000170425,ADORA2B,protein_coding,17,8
501,ENSG00000282608,ADORA3,protein_coding,1,0
502,ENSG00000159322,ADPGK,protein_coding,15,0
503,ENSG00000260898,ADPGK-AS1,lncRNA,15,3
504,ENSG00000144843,ADPRH,protein_coding,3,1
505,ENSG00000153531,ADPRHL1,protein_coding,13,0
506,ENSG00000170222,ADPRM,protein_coding,17,5
507,ENSG00000116863,ADPRS,protein_coding,1,0
508,ENSG00000120907,ADRA1A,protein_coding,8,1
509,ENSG00000170214,ADRA1B,protein_coding,5,0
510,ENSG00000171873,ADRA1D,protein_coding,20,0
511,ENSG00000150594,ADRA2A,protein_coding,10,0
512,ENSG00000274286,ADRA2B,protein_coding,2,0
513,ENSG00000184160,ADRA2C,protein_coding,4,3
514,ENSG00000043591,ADRB1,protein_coding,10,2
515,ENSG00000169252,ADRB2,protein_coding,5,2
516,ENSG00000188778,ADRB3,protein_coding,8,0
517,ENSG00000130706,ADRM1,protein_coding,20,1
518,ENSG00000239900,ADSL,protein_coding,22,0
519,ENSG00000185100,ADSS1,protein_coding,14,0
520,ENSG00000035687,ADSS2,protein_coding,1,0
521,ENSG00000111863,ADTRP,protein_coding,6,0
522,ENSG00000106624,AEBP1,protein_coding,7,4
523,ENSG00000139154,AEBP2,protein_coding,12,1
524,ENSG00000181026,AEN,protein_coding,15,0
525,ENSG00000196526,AFAP1,protein_coding,4,0
526,ENSG00000272620,AFAP1-AS1,lncRNA,4,43
527,ENSG00000157510,AFAP1L1,protein_coding,5,0
528,ENSG00000169129,AFAP1L2,protein_coding,10,0
529,ENSG00000130396,AFDN,protein_coding,6,1
530,ENSG00000198221,AFDN-DT,lncRNA,6,0
531,ENSG00000172493,AFF1,protein_coding,4,1
532,ENSG00000155966,AFF2,protein_coding,X,0
533,ENSG00000144218,AFF3,protein_coding,2,8
534,ENSG00000072364,AFF4,protein_coding,5,5
535,ENSG00000272023,AFF4-DT,lncRNA,5,0
536,ENSG00000135537,AFG1L,protein_coding,6,3
537,ENSG00000145375,AFG2A,protein_coding,4,0
538,ENSG00000171763,AFG2B,protein_coding,15,0
539,ENSG00000223959,AFG3L1P,transcribed_unitary_pseudogene,16,0
540,ENSG00000293510,AFG3L1P,lncRNA,16,0
541,ENSG00000141385,AFG3L2,protein_coding,18,5
542,ENSG00000079557,AFM,protein_coding,4,0
543,ENSG00000183077,AFMID,protein_coding,17,0
544,ENSG00000081051,AFP,protein_coding,4,0
545,ENSG00000119844,AFTPH,protein_coding,2,0
546,ENSG00000260101,AFTPH-DT,lncRNA,2,0
547,ENSG00000038002,AGA,protein_coding,4,0
548,ENSG00000250131,AGA-DT,lncRNA,4,3
549,ENSG00000157985,AGAP1,protein_coding,2,2
550,ENSG00000235529,AGAP1-IT1,lncRNA,2,0
551,ENSG00000230869,AGAP10P,transcribed_unprocessed_pseudogene,10,0
552,ENSG00000261011,AGAP11,transcribed_unprocessed_pseudogene,10,0
553,ENSG00000288424,AGAP12P,transcribed_unprocessed_pseudogene,HG1277_PATCH,0
554,ENSG00000265018,AGAP12P,transcribed_unprocessed_pseudogene,10,0
555,ENSG00000243289,AGAP13P,transcribed_unprocessed_pseudogene,10,0
556,ENSG00000279058,AGAP14P,transcribed_unprocessed_pseudogene,10,0
557,ENSG00000135439,AGAP2,protein_coding,12,6
558,ENSG00000255737,AGAP2-AS1,lncRNA,12,387
559,ENSG00000133612,AGAP3,protein_coding,7,1
560,ENSG00000188234,AGAP4,protein_coding,10,0
561,ENSG00000172650,AGAP5,protein_coding,10,0
562,ENSG00000204149,AGAP6,protein_coding,10,0
563,ENSG00000264204,AGAP7P,transcribed_unprocessed_pseudogene,10,0
564,ENSG00000204172,AGAP9,protein_coding,10,0
565,ENSG00000273540,AGBL1,protein_coding,15,0
566,ENSG00000260125,AGBL1-AS1,lncRNA,15,1
567,ENSG00000285501,AGBL2,protein_coding,HG2114_PATCH,0
568,ENSG00000165923,AGBL2,protein_coding,11,0
569,ENSG00000146856,AGBL3,protein_coding,7,34
570,ENSG00000186094,AGBL4,protein_coding,1,0
571,ENSG00000230114,AGBL4-AS1,lncRNA,1,1
572,ENSG00000225623,AGBL4-IT1,lncRNA,1,0
573,ENSG00000084693,AGBL5,protein_coding,2,181
574,ENSG00000231636,AGBL5-AS1,lncRNA,2,0
575,ENSG00000231268,AGER,protein_coding,HSCHR6_MHC_APD_CTG1,1
576,ENSG00000234729,AGER,protein_coding,HSCHR6_MHC_COX_CTG1,1
577,ENSG00000237405,AGER,protein_coding,HSCHR6_MHC_SSTO_CTG1,1
578,ENSG00000229058,AGER,protein_coding,HSCHR6_MHC_MANN_CTG1,1
579,ENSG00000206320,AGER,protein_coding,HSCHR6_MHC_QBL_CTG1,1
580,ENSG00000230514,AGER,protein_coding,HSCHR6_MHC_MCF_CTG1,1
581,ENSG00000204305,AGER,protein_coding,6,1
582,ENSG00000173744,AGFG1,protein_coding,2,0
583,ENSG00000106351,AGFG2,protein_coding,7,1
584,ENSG00000164252,AGGF1,protein_coding,5,2
585,ENSG00000006530,AGK,protein_coding,7,1
586,ENSG00000262327,AGK,protein_coding,HSCHR7_1_CTG6,1
587,ENSG00000261570,AGK-DT,lncRNA,7,2
588,ENSG00000162688,AGL,protein_coding,1,4
589,ENSG00000116771,AGMAT,protein_coding,1,5
590,ENSG00000187546,AGMO,protein_coding,7,0
591,ENSG00000092847,AGO1,protein_coding,1,0
592,ENSG00000123908,AGO2,protein_coding,8,20
593,ENSG00000126070,AGO3,protein_coding,1,0
594,ENSG00000134698,AGO4,protein_coding,1,0
595,ENSG00000236873,AGPAT1,protein_coding,HSCHR6_MHC_APD_CTG1,0
596,ENSG00000226467,AGPAT1,protein_coding,HSCHR6_MHC_COX_CTG1,0
597,ENSG00000204310,AGPAT1,protein_coding,6,0
598,ENSG00000228892,AGPAT1,protein_coding,HSCHR6_MHC_SSTO_CTG1,0
599,ENSG00000235758,AGPAT1,protein_coding,HSCHR6_MHC_MCF_CTG1,0
600,ENSG00000206324,AGPAT1,protein_coding,HSCHR6_MHC_QBL_CTG1,0
601,ENSG00000227642,AGPAT1,protein_coding,HSCHR6_MHC_MANN_CTG1,0
602,ENSG00000169692,AGPAT2,protein_coding,9,0
603,ENSG00000160216,AGPAT3,protein_coding,21,1
604,ENSG00000026652,AGPAT4,protein_coding,6,15
605,ENSG00000284980,AGPAT5,protein_coding,HG76_PATCH,0
606,ENSG00000155189,AGPAT5,protein_coding,8,0
607,ENSG00000018510,AGPS,protein_coding,2,1
608,ENSG00000106541,AGR2,protein_coding,7,2
609,ENSG00000173467,AGR3,protein_coding,7,0
610,ENSG00000188157,AGRN,protein_coding,1,0
611,ENSG00000159723,AGRP,protein_coding,16,0
612,ENSG00000135744,AGT,protein_coding,1,0
613,ENSG00000135049,AGTPBP1,protein_coding,9,1
614,ENSG00000144891,AGTR1,protein_coding,3,7
615,ENSG00000180772,AGTR2,protein_coding,X,0
616,ENSG00000177674,AGTRAP,protein_coding,1,0
617,ENSG00000172482,AGXT,protein_coding,2,0
618,ENSG00000113492,AGXT2,protein_coding,5,0
619,ENSG00000153207,AHCTF1,protein_coding,1,2
620,ENSG00000226121,AHCTF1P1,processed_pseudogene,2,0
621,ENSG00000101444,AHCY,protein_coding,20,0
622,ENSG00000168710,AHCYL1,protein_coding,1,2
623,ENSG00000158467,AHCYL2,protein_coding,7,3
624,ENSG00000126705,AHDC1,protein_coding,1,0
625,ENSG00000135541,AHI1,protein_coding,6,1
626,ENSG00000231028,AHI1-DT,lncRNA,6,0
627,ENSG00000124942,AHNAK,protein_coding,11,1
628,ENSG00000185567,AHNAK2,protein_coding,14,5
629,ENSG00000106546,AHR,protein_coding,7,1
630,ENSG00000063438,AHRR,protein_coding,5,0
631,ENSG00000100591,AHSA1,protein_coding,14,1
632,ENSG00000173209,AHSA2P,transcribed_unitary_pseudogene,2,241
633,ENSG00000145192,AHSG,protein_coding,3,0
634,ENSG00000169877,AHSP,protein_coding,16,0
635,ENSG00000111732,AICDA,protein_coding,12,0
636,ENSG00000186063,AIDA,protein_coding,1,2
637,ENSG00000204472,AIF1,protein_coding,6,0
638,ENSG00000235588,AIF1,protein_coding,HSCHR6_MHC_SSTO_CTG1,0
639,ENSG00000234836,AIF1,protein_coding,HSCHR6_MHC_DBB_CTG1,0
640,ENSG00000237727,AIF1,protein_coding,HSCHR6_MHC_COX_CTG1,0
641,ENSG00000235985,AIF1,protein_coding,HSCHR6_MHC_MCF_CTG1,0
642,ENSG00000206428,AIF1,protein_coding,HSCHR6_MHC_QBL_CTG1,0
643,ENSG00000126878,AIF1L,protein_coding,9,0
644,ENSG00000156709,AIFM1,protein_coding,X,1
645,ENSG00000042286,AIFM2,protein_coding,10,0
646,ENSG00000183773,AIFM3,protein_coding,22,1
647,ENSG00000146416,AIG1,protein_coding,6,8
648,ENSG00000163568,AIM2,protein_coding,1,20
649,ENSG00000164022,AIMP1,protein_coding,4,29
650,ENSG00000106305,AIMP2,protein_coding,7,34
651,ENSG00000110711,AIP,protein_coding,11,1
652,ENSG00000129221,AIPL1,protein_coding,17,0
653,ENSG00000160224,AIRE,protein_coding,21,0
654,ENSG00000116922,AIRIM,protein_coding,1,0
655,ENSG00000268257,AIRN,lncRNA,6,3
656,ENSG00000196581,AJAP1,protein_coding,1,1
657,ENSG00000232434,AJM1,protein_coding,9,1
658,ENSG00000129474,AJUBA,protein_coding,14,0
659,ENSG00000258457,AJUBA-DT,lncRNA,14,1
660,ENSG00000106992,AK1,protein_coding,9,0
661,ENSG00000004455,AK2,protein_coding,1,0
662,ENSG00000147853,AK3,protein_coding,9,0
663,ENSG00000162433,AK4,protein_coding,1,0
664,ENSG00000154027,AK5,protein_coding,1,5
665,ENSG00000279247,AK6,protein_coding,HSCHR5_2_CTG1_1,0
666,ENSG00000085231,AK6,protein_coding,5,0
667,ENSG00000140057,AK7,protein_coding,14,0
668,ENSG00000165695,AK8,protein_coding,9,4
669,ENSG00000155085,AK9,protein_coding,6,6
670,ENSG00000231824,AKAIN1,protein_coding,18,0
671,ENSG00000121057,AKAP1,protein_coding,17,2
672,ENSG00000263004,AKAP1-DT,lncRNA,17,0
673,ENSG00000108599,AKAP10,protein_coding,17,0
674,ENSG00000023516,AKAP11,protein_coding,13,1
675,ENSG00000131016,AKAP12,protein_coding,6,5
676,ENSG00000170776,AKAP13,protein_coding,15,33
677,ENSG00000186471,AKAP14,protein_coding,X,0
678,ENSG00000292343,AKAP17A,protein_coding,Y,0
679,ENSG00000197976,AKAP17A,protein_coding,X,0
680,ENSG00000214992,AKAP17BP,transcribed_unprocessed_pseudogene,X,2
681,ENSG00000111254,AKAP3,protein_coding,12,3
682,ENSG00000147081,AKAP4,protein_coding,X,0
683,ENSG00000179841,AKAP5,protein_coding,14,40
684,ENSG00000151320,AKAP6,protein_coding,14,0
685,ENSG00000118507,AKAP7,protein_coding,6,0
686,ENSG00000105127,AKAP8,protein_coding,19,0
687,ENSG00000011243,AKAP8L,protein_coding,19,1
688,ENSG00000127914,AKAP9,protein_coding,7,4
689,ENSG00000166452,AKIP1,protein_coding,11,0
690,ENSG00000174574,AKIRIN1,protein_coding,1,0
691,ENSG00000135334,AKIRIN2,protein_coding,6,4
692,ENSG00000106948,AKNA,protein_coding,9,0
693,ENSG00000162641,AKNAD1,protein_coding,1,1
694,ENSG00000117448,AKR1A1,protein_coding,1,0
695,ENSG00000085662,AKR1B1,protein_coding,7,0
696,ENSG00000198074,AKR1B10,protein_coding,7,1
697,ENSG00000227471,AKR1B15,protein_coding,7,4
698,ENSG00000187134,AKR1C1,protein_coding,10,0
699,ENSG00000151632,AKR1C2,protein_coding,10,0
700,ENSG00000196139,AKR1C3,protein_coding,10,0
701,ENSG00000198610,AKR1C4,protein_coding,10,0
702,ENSG00000151631,AKR1C6P,transcribed_unprocessed_pseudogene,10,6
703,ENSG00000264006,AKR1C8,protein_coding,10,0
704,ENSG00000122787,AKR1D1,protein_coding,7,0
705,ENSG00000165568,AKR1E2,protein_coding,10,0
706,ENSG00000053371,AKR7A2,protein_coding,1,0
707,ENSG00000280751,AKR7A2P1,processed_pseudogene,HG2104_PATCH,0
708,ENSG00000229020,AKR7A2P1,processed_pseudogene,1,0
709,ENSG00000162482,AKR7A3,protein_coding,1,0
710,ENSG00000211454,AKR7L,protein_coding,1,0
711,ENSG00000142208,AKT1,protein_coding,14,3
712,ENSG00000204673,AKT1S1,protein_coding,19,8
713,ENSG00000105221,AKT2,protein_coding,19,0
714,ENSG00000275199,AKT3,protein_coding,HSCHR1_3_CTG32_1,0
715,ENSG00000117020,AKT3,protein_coding,1,0
716,ENSG00000228939,AKT3-IT1,lncRNA,1,0
717,ENSG00000166971,AKTIP,protein_coding,16,74
718,ENSG00000148218,ALAD,protein_coding,9,17
719,ENSG00000023330,ALAS1,protein_coding,3,0
720,ENSG00000158578,ALAS2,protein_coding,X,5
721,ENSG00000163631,ALB,protein_coding,4,0
722,ENSG00000170017,ALCAM,protein_coding,3,0
723,ENSG00000161618,ALDH16A1,protein_coding,19,0
724,ENSG00000059573,ALDH18A1,protein_coding,10,0
725,ENSG00000165092,ALDH1A1,protein_coding,9,0
726,ENSG00000128918,ALDH1A2,protein_coding,15,0
727,ENSG00000259285,ALDH1A2-AS1,lncRNA,15,1
728,ENSG00000184254,ALDH1A3,protein_coding,15,12
729,ENSG00000259583,ALDH1A3-AS1,lncRNA,15,9
730,ENSG00000137124,ALDH1B1,protein_coding,9,1
731,ENSG00000144908,ALDH1L1,protein_coding,3,3
732,ENSG00000250218,ALDH1L1-AS1,lncRNA,3,110
733,ENSG00000246022,ALDH1L1-AS2,lncRNA,3,10
734,ENSG00000136010,ALDH1L2,protein_coding,12,15
735,ENSG00000111275,ALDH2,protein_coding,12,0
736,ENSG00000108602,ALDH3A1,protein_coding,17,0
737,ENSG00000072210,ALDH3A2,protein_coding,17,1
738,ENSG00000006534,ALDH3B1,protein_coding,11,3
739,ENSG00000132746,ALDH3B2,protein_coding,11,0
740,ENSG00000159423,ALDH4A1,protein_coding,1,0
741,ENSG00000112294,ALDH5A1,protein_coding,6,12
742,ENSG00000119711,ALDH6A1,protein_coding,14,30
743,ENSG00000164904,ALDH7A1,protein_coding,5,0
744,ENSG00000118514,ALDH8A1,protein_coding,6,0
745,ENSG00000143149,ALDH9A1,protein_coding,1,5
746,ENSG00000149925,ALDOA,protein_coding,16,3
747,ENSG00000136872,ALDOB,protein_coding,9,70
748,ENSG00000109107,ALDOC,protein_coding,17,0
749,ENSG00000033011,ALG1,protein_coding,16,28
750,ENSG00000139133,ALG10,protein_coding,12,0
751,ENSG00000175548,ALG10B,protein_coding,12,0
752,ENSG00000253710,ALG11,protein_coding,13,0
753,ENSG00000182858,ALG12,protein_coding,22,5
754,ENSG00000101901,ALG13,protein_coding,X,0
755,ENSG00000172339,ALG14,protein_coding,1,8
756,ENSG00000189366,ALG1L1P,transcribed_unprocessed_pseudogene,3,2
757,ENSG00000251287,ALG1L2,protein_coding,3,1
758,ENSG00000254978,ALG1L9P,transcribed_unprocessed_pseudogene,11,1
759,ENSG00000119523,ALG2,protein_coding,9,0
760,ENSG00000214160,ALG3,protein_coding,3,1
761,ENSG00000120697,ALG5,protein_coding,13,0
762,ENSG00000088035,ALG6,protein_coding,1,6
763,ENSG00000159063,ALG8,protein_coding,11,0
764,ENSG00000086848,ALG9,protein_coding,11,0
765,ENSG00000171094,ALK,protein_coding,2,16
766,ENSG00000196711,ALKAL1,protein_coding,8,0
767,ENSG00000189292,ALKAL2,protein_coding,2,3
768,ENSG00000100601,ALKBH1,protein_coding,14,1
769,ENSG00000189046,ALKBH2,protein_coding,12,0
770,ENSG00000166199,ALKBH3,protein_coding,11,0
771,ENSG00000244926,ALKBH3-AS1,lncRNA,11,17
772,ENSG00000160993,ALKBH4,protein_coding,7,0
773,ENSG00000091542,ALKBH5,protein_coding,17,1
774,ENSG00000239382,ALKBH6,protein_coding,19,0
775,ENSG00000125652,ALKBH7,protein_coding,19,0
776,ENSG00000137760,ALKBH8,protein_coding,11,0
777,ENSG00000151360,ALLC,protein_coding,2,0
778,ENSG00000116127,ALMS1,protein_coding,2,0
779,ENSG00000291477,ALMS1-IT1,lncRNA,HG2052_PATCH,0
780,ENSG00000230002,ALMS1-IT1,lncRNA,2,0
781,ENSG00000291486,ALMS1P1,transcribed_unprocessed_pseudogene,HG2052_PATCH,0
782,ENSG00000291487,ALMS1P1,lncRNA,HG2052_PATCH,0
783,ENSG00000163016,ALMS1P1,transcribed_unprocessed_pseudogene,2,0
784,ENSG00000290727,ALMS1P1,lncRNA,2,0
785,ENSG00000108839,ALOX12,protein_coding,17,37
786,ENSG00000179477,ALOX12B,protein_coding,17,4
787,ENSG00000262943,ALOX12P2,transcribed_unprocessed_pseudogene,17,38
788,ENSG00000161905,ALOX15,protein_coding,17,0
789,ENSG00000179593,ALOX15B,protein_coding,17,0
790,ENSG00000274114,ALOX15P1,transcribed_unprocessed_pseudogene,17,0
791,ENSG00000275565,ALOX5,protein_coding,HSCHR10_1_CTG2,0
792,ENSG00000012779,ALOX5,protein_coding,10,0
793,ENSG00000132965,ALOX5AP,protein_coding,13,0
794,ENSG00000179148,ALOXE3,protein_coding,17,0
795,ENSG00000163286,ALPG,protein_coding,2,0
796,ENSG00000163295,ALPI,protein_coding,2,0
797,ENSG00000073331,ALPK1,protein_coding,4,0
798,ENSG00000198796,ALPK2,protein_coding,18,1
799,ENSG00000136383,ALPK3,protein_coding,15,0
800,ENSG00000162551,ALPL,protein_coding,1,0
801,ENSG00000163283,ALPP,protein_coding,2,0
802,ENSG00000003393,ALS2,protein_coding,2,0
803,ENSG00000178038,ALS2CL,protein_coding,3,0
804,ENSG00000180318,ALX1,protein_coding,12,0
805,ENSG00000156150,ALX3,protein_coding,1,12
806,ENSG00000052850,ALX4,protein_coding,11,14
807,ENSG00000183684,ALYREF,protein_coding,17,0
808,ENSG00000242110,AMACR,protein_coding,5,0
809,ENSG00000178522,AMBN,protein_coding,4,0
810,ENSG00000106927,AMBP,protein_coding,9,3
811,ENSG00000110497,AMBRA1,protein_coding,11,1
812,ENSG00000123505,AMD1,protein_coding,6,3
813,ENSG00000139344,AMDHD1,protein_coding,12,0
814,ENSG00000162066,AMDHD2,protein_coding,16,6
815,ENSG00000125363,AMELX,protein_coding,X,4
816,ENSG00000099721,AMELY,protein_coding,Y,0
817,ENSG00000184675,AMER1,protein_coding,X,0
818,ENSG00000165566,AMER2,protein_coding,13,3
819,ENSG00000178171,AMER3,protein_coding,2,4
820,ENSG00000159461,AMFR,protein_coding,16,8
821,ENSG00000104899,AMH,protein_coding,19,0
822,ENSG00000135409,AMHR2,protein_coding,12,0
823,ENSG00000181754,AMIGO1,protein_coding,1,1
824,ENSG00000139211,AMIGO2,protein_coding,12,0
825,ENSG00000176020,AMIGO3,protein_coding,3,10
826,ENSG00000101935,AMMECR1,protein_coding,X,54
827,ENSG00000144233,AMMECR1L,protein_coding,2,0
828,ENSG00000166126,AMN,protein_coding,14,0
829,ENSG00000151743,AMN1,protein_coding,12,14
830,ENSG00000126016,AMOT,protein_coding,X,0
831,ENSG00000166025,AMOTL1,protein_coding,11,0
832,ENSG00000114019,AMOTL2,protein_coding,3,0
833,ENSG00000116748,AMPD1,protein_coding,1,0
834,ENSG00000116337,AMPD2,protein_coding,1,3
835,ENSG00000133805,AMPD3,protein_coding,11,4
836,ENSG00000078053,AMPH,protein_coding,7,0
837,ENSG00000145020,AMT,protein_coding,3,17
838,ENSG00000187689,AMTN,protein_coding,4,0
839,ENSG00000237763,AMY1A,protein_coding,1,0
840,ENSG00000174876,AMY1B,protein_coding,1,0
841,ENSG00000187733,AMY1C,protein_coding,1,0
842,ENSG00000243480,AMY2A,protein_coding,1,0
843,ENSG00000240038,AMY2B,protein_coding,1,0
844,ENSG00000174945,AMZ1,protein_coding,7,206
845,ENSG00000196704,AMZ2,protein_coding,17,1
846,ENSG00000214174,AMZ2P1,transcribed_unprocessed_pseudogene,17,0
847,ENSG00000291140,AMZ2P1,lncRNA,17,0
848,ENSG00000153107,ANAPC1,protein_coding,2,1
849,ENSG00000164162,ANAPC10,protein_coding,4,21
850,ENSG00000141552,ANAPC11,protein_coding,17,5
851,ENSG00000129055,ANAPC13,protein_coding,3,9
852,ENSG00000110200,ANAPC15,protein_coding,11,5
853,ENSG00000166295,ANAPC16,protein_coding,10,6
854,ENSG00000233673,ANAPC1P1,transcribed_unprocessed_pseudogene,2,1
855,ENSG00000231259,ANAPC1P2,transcribed_unprocessed_pseudogene,2,1
856,ENSG00000234231,ANAPC1P4,transcribed_unprocessed_pseudogene,2,0
857,ENSG00000235486,ANAPC1P6,transcribed_unprocessed_pseudogene,2,0
858,ENSG00000176248,ANAPC2,protein_coding,9,0
859,ENSG00000053900,ANAPC4,protein_coding,4,0
860,ENSG00000089053,ANAPC5,protein_coding,12,0
861,ENSG00000196510,ANAPC7,protein_coding,12,1
862,ENSG00000214274,ANG,protein_coding,14,0
863,ENSG00000013523,ANGEL1,protein_coding,14,3
864,ENSG00000174606,ANGEL2,protein_coding,1,0
865,ENSG00000154188,ANGPT1,protein_coding,8,0
866,ENSG00000091879,ANGPT2,protein_coding,8,38
867,ENSG00000101280,ANGPT4,protein_coding,20,5
868,ENSG00000116194,ANGPTL1,protein_coding,1,44
869,ENSG00000136859,ANGPTL2,protein_coding,9,35
870,ENSG00000132855,ANGPTL3,protein_coding,1,36
871,ENSG00000167772,ANGPTL4,protein_coding,19,8
872,ENSG00000187151,ANGPTL5,protein_coding,11,5
873,ENSG00000130812,ANGPTL6,protein_coding,19,23
874,ENSG00000171819,ANGPTL7,protein_coding,1,13
875,ENSG00000130173,ANGPTL8,protein_coding,19,1
876,ENSG00000227059,ANHX,protein_coding,12,0
877,ENSG00000029534,ANK1,protein_coding,8,0
878,ENSG00000145362,ANK2,protein_coding,4,2
879,ENSG00000248152,ANK2-AS1,lncRNA,4,29
880,ENSG00000151150,ANK3,protein_coding,10,2
881,ENSG00000254271,ANK3-DT,lncRNA,10,0
882,ENSG00000151687,ANKAR,protein_coding,2,15
883,ENSG00000166839,ANKDD1A,protein_coding,15,3
884,ENSG00000189045,ANKDD1B,protein_coding,5,28
885,ENSG00000132623,ANKEF1,protein_coding,20,10
886,ENSG00000153930,ANKFN1,protein_coding,17,0
887,ENSG00000185722,ANKFY1,protein_coding,17,22
888,ENSG00000154122,ANKH,protein_coding,5,30
889,ENSG00000131503,ANKHD1,protein_coding,5,2
890,ENSG00000249637,ANKHD1-DT,lncRNA,5,2
891,ENSG00000254996,ANKHD1-EIF4EBP3,protein_coding,5,1
892,ENSG00000001629,ANKIB1,protein_coding,7,3
893,ENSG00000170209,ANKK1,protein_coding,11,33
894,ENSG00000160117,ANKLE1,protein_coding,19,1
895,ENSG00000176915,ANKLE2,protein_coding,12,0
896,ENSG00000144504,ANKMY1,protein_coding,2,5
897,ENSG00000106524,ANKMY2,protein_coding,7,1
898,ENSG00000164331,ANKRA2,protein_coding,5,1
899,ENSG00000148677,ANKRD1,protein_coding,10,0
900,ENSG00000088448,ANKRD10,protein_coding,13,2
901,ENSG00000167522,ANKRD11,protein_coding,16,1
902,ENSG00000101745,ANKRD12,protein_coding,18,2
903,ENSG00000076513,ANKRD13A,protein_coding,12,46
904,ENSG00000198720,ANKRD13B,protein_coding,17,4
905,ENSG00000118454,ANKRD13C,protein_coding,1,1
906,ENSG00000197568,ANKRD13C-DT,lncRNA,1,0
907,ENSG00000172932,ANKRD13D,protein_coding,11,0
908,ENSG00000134461,ANKRD16,protein_coding,10,0
909,ENSG00000132466,ANKRD17,protein_coding,4,3
910,ENSG00000250220,ANKRD17-DT,lncRNA,4,0
911,ENSG00000180071,ANKRD18A,protein_coding,9,2
912,ENSG00000230453,ANKRD18B,protein_coding,9,0
913,ENSG00000159712,ANKRD18CP,transcribed_unprocessed_pseudogene,9,1
914,ENSG00000290333,ANKRD18DP,lncRNA,HSCHR3_9_CTG3,0
915,ENSG00000226435,ANKRD18DP,transcribed_unprocessed_pseudogene,3,0
916,ENSG00000187984,ANKRD19P,transcribed_unprocessed_pseudogene,9,32
917,ENSG00000291168,ANKRD19P,lncRNA,9,32
918,ENSG00000165887,ANKRD2,protein_coding,10,0
919,ENSG00000260691,ANKRD20A1,protein_coding,9,0
920,ENSG00000215559,ANKRD20A11P,transcribed_unprocessed_pseudogene,21,1
921,ENSG00000196593,ANKRD20A19P,transcribed_unprocessed_pseudogene,13,0
922,ENSG00000277112,ANKRD20A21P,transcribed_unprocessed_pseudogene,20,0
923,ENSG00000183148,ANKRD20A2P,transcribed_unprocessed_pseudogene,9,0
924,ENSG00000276203,ANKRD20A3P,transcribed_unprocessed_pseudogene,9,0
925,ENSG00000186481,ANKRD20A5P,transcribed_unprocessed_pseudogene,18,1
926,ENSG00000229089,ANKRD20A8P,transcribed_unprocessed_pseudogene,2,0
927,ENSG00000282715,ANKRD20A9P,unprocessed_pseudogene,HSCHR13_1_CTG3,0
928,ENSG00000206192,ANKRD20A9P,transcribed_unprocessed_pseudogene,13,0
929,ENSG00000152766,ANKRD22,protein_coding,10,0
930,ENSG00000163126,ANKRD23,protein_coding,2,1
931,ENSG00000089847,ANKRD24,protein_coding,19,1
932,ENSG00000107890,ANKRD26,protein_coding,10,1
933,ENSG00000261239,ANKRD26P1,transcribed_unprocessed_pseudogene,16,0
934,ENSG00000237636,ANKRD26P3,transcribed_unprocessed_pseudogene,13,0
935,ENSG00000105186,ANKRD27,protein_coding,19,0
936,ENSG00000206560,ANKRD28,protein_coding,3,63
937,ENSG00000154065,ANKRD29,protein_coding,18,0
938,ENSG00000148513,ANKRD30A,protein_coding,10,0
939,ENSG00000180777,ANKRD30B,protein_coding,18,0
940,ENSG00000163046,ANKRD30BL,protein_coding,2,0
941,ENSG00000224309,ANKRD30BP2,transcribed_unprocessed_pseudogene,21,0
942,ENSG00000275985,ANKRD30BP3,unprocessed_pseudogene,HSCHR10_1_CTG2,0
943,ENSG00000230501,ANKRD30BP3,transcribed_unprocessed_pseudogene,10,0
944,ENSG00000145700,ANKRD31,protein_coding,5,0
945,ENSG00000167612,ANKRD33,protein_coding,12,0
946,ENSG00000164236,ANKRD33B,protein_coding,5,1
947,ENSG00000272031,ANKRD34A,protein_coding,1,3
948,ENSG00000189127,ANKRD34B,protein_coding,5,1
949,ENSG00000235711,ANKRD34C,protein_coding,15,3
950,ENSG00000259234,ANKRD34C-AS1,lncRNA,15,0
951,ENSG00000198483,ANKRD35,protein_coding,1,0
952,ENSG00000291582,ANKRD36,protein_coding,HG2275_PATCH,0
953,ENSG00000135976,ANKRD36,protein_coding,2,0
954,ENSG00000291600,ANKRD36B,protein_coding,HG2275_PATCH,0
955,ENSG00000196912,ANKRD36B,protein_coding,2,0
956,ENSG00000293109,ANKRD36BP1,lncRNA,1,141
957,ENSG00000214262,ANKRD36BP1,transcribed_processed_pseudogene,1,141
958,ENSG00000230006,ANKRD36BP2,transcribed_unprocessed_pseudogene,2,0
959,ENSG00000174501,ANKRD36C,protein_coding,2,1
960,ENSG00000186352,ANKRD37,protein_coding,4,76
961,ENSG00000213337,ANKRD39,protein_coding,2,0
962,ENSG00000154945,ANKRD40,protein_coding,17,0
963,ENSG00000167117,ANKRD40CL,protein_coding,17,0
964,ENSG00000137494,ANKRD42,protein_coding,11,3
965,ENSG00000247137,ANKRD42-DT,lncRNA,11,37
966,ENSG00000065413,ANKRD44,protein_coding,2,1
967,ENSG00000231621,ANKRD44-AS1,lncRNA,2,2
968,ENSG00000225979,ANKRD44-DT,lncRNA,2,0
969,ENSG00000236977,ANKRD44-IT1,lncRNA,2,0
970,ENSG00000183831,ANKRD45,protein_coding,1,1
971,ENSG00000186106,ANKRD46,protein_coding,8,1
972,ENSG00000168876,ANKRD49,protein_coding,11,0
973,ENSG00000151458,ANKRD50,protein_coding,4,0
974,ENSG00000139645,ANKRD52,protein_coding,12,1
975,ENSG00000144031,ANKRD53,protein_coding,2,8
976,ENSG00000100124,ANKRD54,protein_coding,22,2
977,ENSG00000164512,ANKRD55,protein_coding,5,0
978,ENSG00000135299,ANKRD6,protein_coding,6,104
979,ENSG00000124227,ANKRD60,protein_coding,20,0
980,ENSG00000157999,ANKRD61,protein_coding,7,9
981,ENSG00000181626,ANKRD62,protein_coding,18,0
982,ENSG00000189295,ANKRD62P1-PARP4P3,lncRNA,22,3
983,ENSG00000230778,ANKRD63,protein_coding,15,2
984,ENSG00000235098,ANKRD65,protein_coding,1,0
985,ENSG00000225905,ANKRD65-AS1,lncRNA,1,0
986,ENSG00000230062,ANKRD66,protein_coding,6,0
987,ENSG00000106013,ANKRD7,protein_coding,7,0
988,ENSG00000156381,ANKRD9,protein_coding,14,19
989,ENSG00000064999,ANKS1A,protein_coding,6,0
990,ENSG00000185046,ANKS1B,protein_coding,12,9
991,ENSG00000168096,ANKS3,protein_coding,16,0
992,ENSG00000284290,ANKS4B,protein_coding,HG926_PATCH,0
993,ENSG00000175311,ANKS4B,protein_coding,16,0
994,ENSG00000165138,ANKS6,protein_coding,9,0
995,ENSG00000206199,ANKUB1,protein_coding,3,0
996,ENSG00000163516,ANKZF1,protein_coding,2,2
997,ENSG00000011426,ANLN,protein_coding,7,1
